"link_name","data_as_of","status","speed","travel_time"
"GOW N 9TH STREET - ATLANTIC AVENUE","2022-05-21T00:04:04.000","-101","0.00","0"
"BQE S - GOW S ALTANTIC AVENUE - 9TH STREET","2022-05-21T00:04:04.000","-101","0.00","0"
"BQE N ATLANTIC AVENUE - LEONARD STREET","2022-05-21T00:04:04.000","-101","0.00","0"
"BQE S LEONARD STREET - ATLANTIC AVENUE","2022-05-21T00:04:04.000","0","30.44","501"
"BQE N Atlantic Ave - BKN Bridge Manhattan Side","2022-05-21T00:04:04.000","0","31.68","225"
"BQE N Atlantic Ave - MAN Bridge Manhattan Side","2022-05-21T00:04:04.000","0","18.64","509"
"GOW N 9TH STREET - ATLANTIC AVENUE","2022-05-21T00:09:04.000","-101","0.00","0"
"BQE S - GOW S ALTANTIC AVENUE - 9TH STREET","2022-05-21T00:09:04.000","-101","0.00","0"
"BQE N ATLANTIC AVENUE - LEONARD STREET","2022-05-21T00:09:04.000","-101","0.00","0"
"BQE S LEONARD STREET - ATLANTIC AVENUE","2022-05-21T00:09:04.000","0","30.44","501"
"BQE N Atlantic Ave - BKN Bridge Manhattan Side","2022-05-21T00:09:04.000","0","30.44","236"
"BQE N Atlantic Ave - MAN Bridge Manhattan Side","2022-05-21T00:09:04.000","0","21.12","453"
"GOW N 9TH STREET - ATLANTIC AVENUE","2022-05-21T00:14:04.000","-101","0.00","0"
"BQE S - GOW S ALTANTIC AVENUE - 9TH STREET","2022-05-21T00:14:04.000","-101","0.00","0"
"BQE N ATLANTIC AVENUE - LEONARD STREET","2022-05-21T00:14:04.000","-101","0.00","0"
"BQE S LEONARD STREET - ATLANTIC AVENUE","2022-05-21T00:14:04.000","0","30.44","506"
"BQE N Atlantic Ave - BKN Bridge Manhattan Side","2022-05-21T00:14:04.000","0","30.44","236"
"BQE N Atlantic Ave - MAN Bridge Manhattan Side","2022-05-21T00:14:04.000","0","38.52","251"
"GOW N 9TH STREET - ATLANTIC AVENUE","2022-05-21T00:19:04.000","-101","0.00","0"
"BQE S - GOW S ALTANTIC AVENUE - 9TH STREET","2022-05-21T00:19:04.000","-101","0.00","0"
"BQE N ATLANTIC AVENUE - LEONARD STREET","2022-05-21T00:19:04.000","-101","0.00","0"
"BQE S LEONARD STREET - ATLANTIC AVENUE","2022-05-21T00:19:04.000","0","32.31","471"
"BQE N Atlantic Ave - BKN Bridge Manhattan Side","2022-05-21T00:19:04.000","0","32.31","223"
"BQE N Atlantic Ave - MAN Bridge Manhattan Side","2022-05-21T00:19:04.000","0","13.67","700"
"GOW N 9TH STREET - ATLANTIC AVENUE","2022-05-21T00:24:03.000","-101","0.00","0"
"BQE S - GOW S ALTANTIC AVENUE - 9TH STREET","2022-05-21T00:24:03.000","-101","0.00","0"
"BQE N ATLANTIC AVENUE - LEONARD STREET","2022-05-21T00:24:03.000","-101","0.00","0"
"BQE S LEONARD STREET - ATLANTIC AVENUE","2022-05-21T00:24:03.000","0","34.17","448"
"BQE N Atlantic Ave - BKN Bridge Manhattan Side","2022-05-21T00:24:03.000","0","34.17","211"
"BQE N Atlantic Ave - MAN Bridge Manhattan Side","2022-05-21T00:24:03.000","0","11.80","783"
"GOW N 9TH STREET - ATLANTIC AVENUE","2022-05-21T00:29:04.000","-101","0.00","0"
"BQE S - GOW S ALTANTIC AVENUE - 9TH STREET","2022-05-21T00:29:04.000","-101","0.00","0"
"BQE N ATLANTIC AVENUE - LEONARD STREET","2022-05-21T00:29:04.000","-101","0.00","0"
"BQE S LEONARD STREET - ATLANTIC AVENUE","2022-05-21T00:29:04.000","0","31.06","498"
"BQE N Atlantic Ave - BKN Bridge Manhattan Side","2022-05-21T00:29:04.000","0","36.03","199"
"BQE N Atlantic Ave - MAN Bridge Manhattan Side","2022-05-21T00:29:04.000","0","11.80","803"
"GOW N 9TH STREET - ATLANTIC AVENUE","2022-05-21T00:34:04.000","-101","0.00","0"
"BQE S - GOW S ALTANTIC AVENUE - 9TH STREET","2022-05-21T00:34:04.000","-101","0.00","0"
"BQE N ATLANTIC AVENUE - LEONARD STREET","2022-05-21T00:34:04.000","-101","0.00","0"
"BQE S LEONARD STREET - ATLANTIC AVENUE","2022-05-21T00:34:04.000","0","29.20","519"
"BQE N Atlantic Ave - BKN Bridge Manhattan Side","2022-05-21T00:34:04.000","0","34.17","209"
"BQE N Atlantic Ave - MAN Bridge Manhattan Side","2022-05-21T00:34:04.000","0","9.94","953"
"GOW N 9TH STREET - ATLANTIC AVENUE","2022-05-21T00:39:04.000","-101","0.00","0"
"BQE S - GOW S ALTANTIC AVENUE - 9TH STREET","2022-05-21T00:39:04.000","-101","0.00","0"
"BQE N ATLANTIC AVENUE - LEONARD STREET","2022-05-21T00:39:04.000","-101","0.00","0"
"BQE S LEONARD STREET - ATLANTIC AVENUE","2022-05-21T00:39:04.000","0","30.44","501"
"BQE N Atlantic Ave - BKN Bridge Manhattan Side","2022-05-21T00:39:04.000","0","36.03","200"
"BQE N Atlantic Ave - MAN Bridge Manhattan Side","2022-05-21T00:39:04.000","0","16.15","584"
"GOW N 9TH STREET - ATLANTIC AVENUE","2022-05-21T00:44:04.000","-101","0.00","0"
"BQE S - GOW S ALTANTIC AVENUE - 9TH STREET","2022-05-21T00:44:04.000","-101","0.00","0"
"BQE N ATLANTIC AVENUE - LEONARD STREET","2022-05-21T00:44:04.000","-101","0.00","0"
"BQE S LEONARD STREET - ATLANTIC AVENUE","2022-05-21T00:44:04.000","0","30.44","507"
"BQE N Atlantic Ave - BKN Bridge Manhattan Side","2022-05-21T00:44:04.000","0","37.28","193"
"BQE N Atlantic Ave - MAN Bridge Manhattan Side","2022-05-21T00:44:04.000","0","13.67","708"
"GOW N 9TH STREET - ATLANTIC AVENUE","2022-05-21T00:49:04.000","-101","0.00","0"
"BQE S - GOW S ALTANTIC AVENUE - 9TH STREET","2022-05-21T00:49:04.000","-101","0.00","0"
"BQE N ATLANTIC AVENUE - LEONARD STREET","2022-05-21T00:49:04.000","-101","0.00","0"
"BQE S LEONARD STREET - ATLANTIC AVENUE","2022-05-21T00:49:04.000","0","32.31","473"
"BQE N Atlantic Ave - BKN Bridge Manhattan Side","2022-05-21T00:49:04.000","0","36.03","199"
"BQE N Atlantic Ave - MAN Bridge Manhattan Side","2022-05-21T00:49:04.000","0","28.58","332"
"GOW N 9TH STREET - ATLANTIC AVENUE","2022-05-21T00:54:04.000","-101","0.00","0"
"BQE S - GOW S ALTANTIC AVENUE - 9TH STREET","2022-05-21T00:54:04.000","-101","0.00","0"
"BQE N ATLANTIC AVENUE - LEONARD STREET","2022-05-21T00:54:04.000","-101","0.00","0"
"BQE S LEONARD STREET - ATLANTIC AVENUE","2022-05-21T00:54:04.000","0","34.17","449"
"BQE N Atlantic Ave - BKN Bridge Manhattan Side","2022-05-21T00:54:04.000","0","34.79","207"
"BQE N Atlantic Ave - MAN Bridge Manhattan Side","2022-05-21T00:54:04.000","0","14.91","638"
"GOW N 9TH STREET - ATLANTIC AVENUE","2022-05-21T00:59:03.000","-101","0.00","0"
"BQE S - GOW S ALTANTIC AVENUE - 9TH STREET","2022-05-21T00:59:03.000","-101","0.00","0"
"BQE N ATLANTIC AVENUE - LEONARD STREET","2022-05-21T00:59:03.000","-101","0.00","0"
"BQE S LEONARD STREET - ATLANTIC AVENUE","2022-05-21T00:59:03.000","0","36.66","420"
"BQE N Atlantic Ave - BKN Bridge Manhattan Side","2022-05-21T00:59:03.000","0","34.79","205"
"BQE N Atlantic Ave - MAN Bridge Manhattan Side","2022-05-21T00:59:03.000","0","14.29","659"
"GOW N 9TH STREET - ATLANTIC AVENUE","2022-05-21T01:04:04.000","-101","0.00","0"
"BQE S - GOW S ALTANTIC AVENUE - 9TH STREET","2022-05-21T01:04:04.000","-101","0.00","0"
"BQE N ATLANTIC AVENUE - LEONARD STREET","2022-05-21T01:04:04.000","-101","0.00","0"
"BQE S LEONARD STREET - ATLANTIC AVENUE","2022-05-21T01:04:04.000","0","44.73","344"
"BQE N Atlantic Ave - BKN Bridge Manhattan Side","2022-05-21T01:04:04.000","0","35.41","203"
"BQE N Atlantic Ave - MAN Bridge Manhattan Side","2022-05-21T01:04:04.000","0","19.88","484"
"GOW N 9TH STREET - ATLANTIC AVENUE","2022-05-21T01:09:04.000","-101","0.00","0"
"BQE S - GOW S ALTANTIC AVENUE - 9TH STREET","2022-05-21T01:09:04.000","-101","0.00","0"
"BQE N ATLANTIC AVENUE - LEONARD STREET","2022-05-21T01:09:04.000","-101","0.00","0"
"BQE S LEONARD STREET - ATLANTIC AVENUE","2022-05-21T01:09:04.000","0","42.25","362"
"BQE N Atlantic Ave - BKN Bridge Manhattan Side","2022-05-21T01:09:04.000","0","36.66","197"
"BQE N Atlantic Ave - MAN Bridge Manhattan Side","2022-05-21T01:09:04.000","0","28.58","335"
"GOW N 9TH STREET - ATLANTIC AVENUE","2022-05-21T01:14:04.000","-101","0.00","0"
"BQE S - GOW S ALTANTIC AVENUE - 9TH STREET","2022-05-21T01:14:04.000","-101","0.00","0"
"BQE N ATLANTIC AVENUE - LEONARD STREET","2022-05-21T01:14:04.000","-101","0.00","0"
"BQE S LEONARD STREET - ATLANTIC AVENUE","2022-05-21T01:14:04.000","0","34.79","438"
"BQE N Atlantic Ave - BKN Bridge Manhattan Side","2022-05-21T01:14:04.000","0","36.66","197"
"BQE N Atlantic Ave - MAN Bridge Manhattan Side","2022-05-21T01:14:04.000","0","10.56","897"
"GOW N 9TH STREET - ATLANTIC AVENUE","2022-05-21T01:19:04.000","-101","0.00","0"
"BQE S - GOW S ALTANTIC AVENUE - 9TH STREET","2022-05-21T01:19:04.000","-101","0.00","0"
"BQE N ATLANTIC AVENUE - LEONARD STREET","2022-05-21T01:19:04.000","-101","3.10","4576"
"BQE S LEONARD STREET - ATLANTIC AVENUE","2022-05-21T01:19:04.000","0","41.01","374"
"BQE N Atlantic Ave - BKN Bridge Manhattan Side","2022-05-21T01:19:04.000","0","33.55","212"
"BQE N Atlantic Ave - MAN Bridge Manhattan Side","2022-05-21T01:19:04.000","0","8.69","1059"
"GOW N 9TH STREET - ATLANTIC AVENUE","2022-05-21T01:24:04.000","-101","0.00","0"
"BQE S - GOW S ALTANTIC AVENUE - 9TH STREET","2022-05-21T01:24:04.000","-101","0.00","0"
"BQE N ATLANTIC AVENUE - LEONARD STREET","2022-05-21T01:24:04.000","-101","0.00","0"
"BQE S LEONARD STREET - ATLANTIC AVENUE","2022-05-21T01:24:04.000","0","43.49","354"
"BQE N Atlantic Ave - BKN Bridge Manhattan Side","2022-05-21T01:24:04.000","0","32.31","219"
"BQE N Atlantic Ave - MAN Bridge Manhattan Side","2022-05-21T01:24:04.000","0","12.42","743"
"GOW N 9TH STREET - ATLANTIC AVENUE","2022-05-21T01:29:04.000","-101","0.00","0"
"BQE S - GOW S ALTANTIC AVENUE - 9TH STREET","2022-05-21T01:29:04.000","-101","0.00","0"
"BQE N ATLANTIC AVENUE - LEONARD STREET","2022-05-21T01:29:04.000","-101","0.00","0"
"BQE S LEONARD STREET - ATLANTIC AVENUE","2022-05-21T01:29:04.000","0","43.49","355"
"BQE N Atlantic Ave - BKN Bridge Manhattan Side","2022-05-21T01:29:04.000","0","32.93","219"
"BQE N Atlantic Ave - MAN Bridge Manhattan Side","2022-05-21T01:29:04.000","0","9.94","943"
"GOW N 9TH STREET - ATLANTIC AVENUE","2022-05-21T01:34:03.000","-101","0.00","0"
"BQE S - GOW S ALTANTIC AVENUE - 9TH STREET","2022-05-21T01:34:03.000","-101","0.00","0"
"BQE N ATLANTIC AVENUE - LEONARD STREET","2022-05-21T01:34:03.000","-101","0.00","0"
"BQE S LEONARD STREET - ATLANTIC AVENUE","2022-05-21T01:34:03.000","0","38.52","399"
"BQE N Atlantic Ave - BKN Bridge Manhattan Side","2022-05-21T01:34:03.000","0","30.44","236"
"BQE N Atlantic Ave - MAN Bridge Manhattan Side","2022-05-21T01:34:03.000","0","7.45","1260"
"GOW N 9TH STREET - ATLANTIC AVENUE","2022-05-21T01:39:04.000","-101","0.00","0"
"BQE S - GOW S ALTANTIC AVENUE - 9TH STREET","2022-05-21T01:39:04.000","-101","0.00","0"
"BQE N ATLANTIC AVENUE - LEONARD STREET","2022-05-21T01:39:04.000","-101","0.00","0"
"BQE S LEONARD STREET - ATLANTIC AVENUE","2022-05-21T01:39:04.000","0","34.17","451"
"BQE N Atlantic Ave - BKN Bridge Manhattan Side","2022-05-21T01:39:04.000","0","32.31","223"
"BQE N Atlantic Ave - MAN Bridge Manhattan Side","2022-05-21T01:39:04.000","0","8.07","1195"
"GOW N 9TH STREET - ATLANTIC AVENUE","2022-05-21T01:44:04.000","-101","0.00","0"
"BQE S - GOW S ALTANTIC AVENUE - 9TH STREET","2022-05-21T01:44:04.000","-101","0.00","0"
"BQE N ATLANTIC AVENUE - LEONARD STREET","2022-05-21T01:44:04.000","-101","0.00","0"
"BQE S LEONARD STREET - ATLANTIC AVENUE","2022-05-21T01:44:04.000","0","35.41","431"
"BQE N Atlantic Ave - BKN Bridge Manhattan Side","2022-05-21T01:44:04.000","0","37.90","189"
"BQE N Atlantic Ave - MAN Bridge Manhattan Side","2022-05-21T01:44:04.000","0","9.32","1010"
"GOW N 9TH STREET - ATLANTIC AVENUE","2022-05-21T01:49:04.000","-101","0.00","0"
"BQE S - GOW S ALTANTIC AVENUE - 9TH STREET","2022-05-21T01:49:04.000","-101","0.00","0"
"BQE N ATLANTIC AVENUE - LEONARD STREET","2022-05-21T01:49:04.000","-101","0.00","0"
"BQE S LEONARD STREET - ATLANTIC AVENUE","2022-05-21T01:49:04.000","0","29.82","509"
"BQE N Atlantic Ave - BKN Bridge Manhattan Side","2022-05-21T01:49:04.000","0","39.14","182"
"BQE N Atlantic Ave - MAN Bridge Manhattan Side","2022-05-21T01:49:04.000","0","10.56","881"
"BQE S - GOW S ALTANTIC AVENUE - 9TH STREET","2022-05-21T01:54:04.000","-101","0.00","0"
"GOW N 9TH STREET - ATLANTIC AVENUE","2022-05-21T01:54:04.000","-101","0.00","0"
"BQE N ATLANTIC AVENUE - LEONARD STREET","2022-05-21T01:54:04.000","-101","0.00","0"
"BQE S LEONARD STREET - ATLANTIC AVENUE","2022-05-21T01:54:04.000","0","31.06","489"
"BQE N Atlantic Ave - BKN Bridge Manhattan Side","2022-05-21T01:54:04.000","0","34.79","206"
"BQE N Atlantic Ave - MAN Bridge Manhattan Side","2022-05-21T01:54:04.000","0","13.04","724"
"GOW N 9TH STREET - ATLANTIC AVENUE","2022-05-21T01:59:04.000","-101","0.00","0"
"BQE S - GOW S ALTANTIC AVENUE - 9TH STREET","2022-05-21T01:59:04.000","-101","0.00","0"
"BQE N ATLANTIC AVENUE - LEONARD STREET","2022-05-21T01:59:04.000","-101","0.00","0"
"BQE S LEONARD STREET - ATLANTIC AVENUE","2022-05-21T01:59:04.000","0","39.76","385"
"BQE N Atlantic Ave - BKN Bridge Manhattan Side","2022-05-21T01:59:04.000","0","34.79","204"
"BQE N Atlantic Ave - MAN Bridge Manhattan Side","2022-05-21T01:59:04.000","0","12.42","751"
"GOW N 9TH STREET - ATLANTIC AVENUE","2022-05-21T02:04:03.000","-101","0.00","0"
"BQE S - GOW S ALTANTIC AVENUE - 9TH STREET","2022-05-21T02:04:03.000","-101","0.00","0"
"BQE N ATLANTIC AVENUE - LEONARD STREET","2022-05-21T02:04:03.000","-101","0.00","0"
"BQE S LEONARD STREET - ATLANTIC AVENUE","2022-05-21T02:04:03.000","0","42.25","364"
"BQE N Atlantic Ave - BKN Bridge Manhattan Side","2022-05-21T02:04:03.000","0","37.28","191"
"BQE N Atlantic Ave - MAN Bridge Manhattan Side","2022-05-21T02:04:03.000","0","41.63","231"
"GOW N 9TH STREET - ATLANTIC AVENUE","2022-05-21T02:09:04.000","-101","0.00","0"
"BQE S - GOW S ALTANTIC AVENUE - 9TH STREET","2022-05-21T02:09:04.000","-101","0.00","0"
"BQE N ATLANTIC AVENUE - LEONARD STREET","2022-05-21T02:09:04.000","-101","0.00","0"
"BQE S LEONARD STREET - ATLANTIC AVENUE","2022-05-21T02:09:04.000","0","40.38","382"
"BQE N Atlantic Ave - BKN Bridge Manhattan Side","2022-05-21T02:09:04.000","0","39.76","181"
"BQE N Atlantic Ave - MAN Bridge Manhattan Side","2022-05-21T02:09:04.000","0","39.76","242"
"GOW N 9TH STREET - ATLANTIC AVENUE","2022-05-21T02:14:04.000","-101","0.00","0"
"BQE S - GOW S ALTANTIC AVENUE - 9TH STREET","2022-05-21T02:14:04.000","-101","0.00","0"
"BQE N ATLANTIC AVENUE - LEONARD STREET","2022-05-21T02:14:04.000","-101","0.00","0"
"BQE S LEONARD STREET - ATLANTIC AVENUE","2022-05-21T02:14:04.000","0","38.52","395"
"BQE N Atlantic Ave - BKN Bridge Manhattan Side","2022-05-21T02:14:04.000","0","39.76","181"
"BQE N Atlantic Ave - MAN Bridge Manhattan Side","2022-05-21T02:14:04.000","0","21.74","442"
"GOW N 9TH STREET - ATLANTIC AVENUE","2022-05-21T02:19:04.000","-101","0.00","0"
"BQE S - GOW S ALTANTIC AVENUE - 9TH STREET","2022-05-21T02:19:04.000","-101","0.00","0"
"BQE N ATLANTIC AVENUE - LEONARD STREET","2022-05-21T02:19:04.000","-101","0.00","0"
"BQE S LEONARD STREET - ATLANTIC AVENUE","2022-05-21T02:19:04.000","0","37.90","403"
"BQE N Atlantic Ave - BKN Bridge Manhattan Side","2022-05-21T02:19:04.000","0","39.14","184"
"BQE N Atlantic Ave - MAN Bridge Manhattan Side","2022-05-21T02:19:04.000","0","11.80","802"
"GOW N 9TH STREET - ATLANTIC AVENUE","2022-05-21T02:24:04.000","-101","0.00","0"
"BQE S - GOW S ALTANTIC AVENUE - 9TH STREET","2022-05-21T02:24:04.000","-101","0.00","0"
"BQE N ATLANTIC AVENUE - LEONARD STREET","2022-05-21T02:24:04.000","-101","0.00","0"
"BQE S LEONARD STREET - ATLANTIC AVENUE","2022-05-21T02:24:04.000","0","39.14","392"
"BQE N Atlantic Ave - BKN Bridge Manhattan Side","2022-05-21T02:24:04.000","0","37.90","189"
"BQE N Atlantic Ave - MAN Bridge Manhattan Side","2022-05-21T02:24:04.000","0","35.41","270"
"GOW N 9TH STREET - ATLANTIC AVENUE","2022-05-21T02:29:04.000","-101","0.00","0"
"BQE S - GOW S ALTANTIC AVENUE - 9TH STREET","2022-05-21T02:29:04.000","-101","0.00","0"
"BQE N ATLANTIC AVENUE - LEONARD STREET","2022-05-21T02:29:04.000","-101","0.00","0"
"BQE S LEONARD STREET - ATLANTIC AVENUE","2022-05-21T02:29:04.000","0","37.28","409"
"BQE N Atlantic Ave - BKN Bridge Manhattan Side","2022-05-21T02:29:04.000","0","38.52","187"
"BQE N Atlantic Ave - MAN Bridge Manhattan Side","2022-05-21T02:29:04.000","0","36.66","262"
"GOW N 9TH STREET - ATLANTIC AVENUE","2022-05-21T02:34:04.000","-101","0.00","0"
"BQE S - GOW S ALTANTIC AVENUE - 9TH STREET","2022-05-21T02:34:04.000","-101","0.00","0"
"BQE N ATLANTIC AVENUE - LEONARD STREET","2022-05-21T02:34:04.000","-101","0.00","0"
"BQE S LEONARD STREET - ATLANTIC AVENUE","2022-05-21T02:34:04.000","0","34.17","448"
"BQE N Atlantic Ave - BKN Bridge Manhattan Side","2022-05-21T02:34:04.000","0","40.38","178"
"BQE N Atlantic Ave - MAN Bridge Manhattan Side","2022-05-21T02:34:04.000","0","9.94","963"
"GOW N 9TH STREET - ATLANTIC AVENUE","2022-05-21T02:39:03.000","-101","0.00","0"
"BQE S - GOW S ALTANTIC AVENUE - 9TH STREET","2022-05-21T02:39:03.000","-101","0.00","0"
"BQE N ATLANTIC AVENUE - LEONARD STREET","2022-05-21T02:39:03.000","-101","0.00","0"
"BQE S LEONARD STREET - ATLANTIC AVENUE","2022-05-21T02:39:03.000","0","34.17","447"
"BQE N Atlantic Ave - BKN Bridge Manhattan Side","2022-05-21T02:39:03.000","0","39.76","180"
"BQE N Atlantic Ave - MAN Bridge Manhattan Side","2022-05-21T02:39:03.000","0","40.38","239"
"GOW N 9TH STREET - ATLANTIC AVENUE","2022-05-21T02:44:04.000","-101","0.00","0"
"BQE S - GOW S ALTANTIC AVENUE - 9TH STREET","2022-05-21T02:44:04.000","-101","0.00","0"
"BQE N ATLANTIC AVENUE - LEONARD STREET","2022-05-21T02:44:04.000","-101","0.00","0"
"BQE S LEONARD STREET - ATLANTIC AVENUE","2022-05-21T02:44:04.000","0","38.52","401"
"BQE N Atlantic Ave - BKN Bridge Manhattan Side","2022-05-21T02:44:04.000","0","39.14","182"
"BQE N Atlantic Ave - MAN Bridge Manhattan Side","2022-05-21T02:44:04.000","-101","38.52","248"
"GOW N 9TH STREET - ATLANTIC AVENUE","2022-05-21T02:49:04.000","-101","0.00","0"
"BQE S - GOW S ALTANTIC AVENUE - 9TH STREET","2022-05-21T02:49:04.000","-101","0.00","0"
"BQE N ATLANTIC AVENUE - LEONARD STREET","2022-05-21T02:49:04.000","-101","0.00","0"
"BQE S LEONARD STREET - ATLANTIC AVENUE","2022-05-21T02:49:04.000","0","41.63","369"
"BQE N Atlantic Ave - BKN Bridge Manhattan Side","2022-05-21T02:49:04.000","0","38.52","187"
"BQE N Atlantic Ave - MAN Bridge Manhattan Side","2022-05-21T02:49:04.000","0","37.90","254"
"GOW N 9TH STREET - ATLANTIC AVENUE","2022-05-21T02:54:04.000","-101","0.00","0"
"BQE S - GOW S ALTANTIC AVENUE - 9TH STREET","2022-05-21T02:54:04.000","-101","0.00","0"
"BQE N ATLANTIC AVENUE - LEONARD STREET","2022-05-21T02:54:04.000","-101","0.00","0"
"BQE S LEONARD STREET - ATLANTIC AVENUE","2022-05-21T02:54:04.000","0","41.01","375"
"BQE N Atlantic Ave - BKN Bridge Manhattan Side","2022-05-21T02:54:04.000","0","39.76","179"
"BQE N Atlantic Ave - MAN Bridge Manhattan Side","2022-05-21T02:54:04.000","-101","39.14","244"
"GOW N 9TH STREET - ATLANTIC AVENUE","2022-05-21T02:59:04.000","-101","0.00","0"
"BQE S - GOW S ALTANTIC AVENUE - 9TH STREET","2022-05-21T02:59:04.000","-101","0.00","0"
"BQE N ATLANTIC AVENUE - LEONARD STREET","2022-05-21T02:59:04.000","-101","0.00","0"
"BQE S LEONARD STREET - ATLANTIC AVENUE","2022-05-21T02:59:04.000","0","34.17","448"
"BQE N Atlantic Ave - BKN Bridge Manhattan Side","2022-05-21T02:59:04.000","0","39.14","184"
"BQE N Atlantic Ave - MAN Bridge Manhattan Side","2022-05-21T02:59:04.000","0","8.07","1158"
"GOW N 9TH STREET - ATLANTIC AVENUE","2022-05-21T03:04:04.000","-101","0.00","0"
"BQE S - GOW S ALTANTIC AVENUE - 9TH STREET","2022-05-21T03:04:04.000","-101","0.00","0"
"BQE N ATLANTIC AVENUE - LEONARD STREET","2022-05-21T03:04:04.000","-101","0.00","0"
"BQE S LEONARD STREET - ATLANTIC AVENUE","2022-05-21T03:04:04.000","0","37.90","405"
"BQE N Atlantic Ave - BKN Bridge Manhattan Side","2022-05-21T03:04:04.000","0","40.38","176"
"BQE N Atlantic Ave - MAN Bridge Manhattan Side","2022-05-21T03:04:04.000","0","8.69","1051"
"GOW N 9TH STREET - ATLANTIC AVENUE","2022-05-21T03:09:03.000","-101","0.00","0"
"BQE S - GOW S ALTANTIC AVENUE - 9TH STREET","2022-05-21T03:09:03.000","-101","0.00","0"
"BQE N ATLANTIC AVENUE - LEONARD STREET","2022-05-21T03:09:03.000","-101","0.00","0"
"BQE S LEONARD STREET - ATLANTIC AVENUE","2022-05-21T03:09:03.000","0","43.49","352"
"BQE N Atlantic Ave - BKN Bridge Manhattan Side","2022-05-21T03:09:03.000","0","40.38","177"
"BQE N Atlantic Ave - MAN Bridge Manhattan Side","2022-05-21T03:09:03.000","0","17.39","553"
"GOW N 9TH STREET - ATLANTIC AVENUE","2022-05-21T03:14:03.000","-101","0.00","0"
"BQE S - GOW S ALTANTIC AVENUE - 9TH STREET","2022-05-21T03:14:03.000","-101","0.00","0"
"BQE N ATLANTIC AVENUE - LEONARD STREET","2022-05-21T03:14:03.000","-101","0.00","0"
"BQE S LEONARD STREET - ATLANTIC AVENUE","2022-05-21T03:14:03.000","0","36.03","423"
"BQE N Atlantic Ave - BKN Bridge Manhattan Side","2022-05-21T03:14:03.000","0","39.14","183"
"BQE N Atlantic Ave - MAN Bridge Manhattan Side","2022-05-21T03:14:03.000","0","27.96","341"
"GOW N 9TH STREET - ATLANTIC AVENUE","2022-05-21T03:19:04.000","-101","0.00","0"
"BQE S - GOW S ALTANTIC AVENUE - 9TH STREET","2022-05-21T03:19:04.000","-101","0.00","0"
"BQE N ATLANTIC AVENUE - LEONARD STREET","2022-05-21T03:19:04.000","-101","0.00","0"
"BQE S LEONARD STREET - ATLANTIC AVENUE","2022-05-21T03:19:04.000","0","38.52","398"
"BQE N Atlantic Ave - BKN Bridge Manhattan Side","2022-05-21T03:19:04.000","0","39.76","180"
"BQE N Atlantic Ave - MAN Bridge Manhattan Side","2022-05-21T03:19:04.000","0","38.52","248"
"GOW N 9TH STREET - ATLANTIC AVENUE","2022-05-21T03:24:05.000","-101","0.00","0"
"BQE S - GOW S ALTANTIC AVENUE - 9TH STREET","2022-05-21T03:24:05.000","-101","0.00","0"
"BQE N ATLANTIC AVENUE - LEONARD STREET","2022-05-21T03:24:05.000","-101","0.00","0"
"BQE S LEONARD STREET - ATLANTIC AVENUE","2022-05-21T03:24:05.000","0","33.55","455"
"BQE N Atlantic Ave - BKN Bridge Manhattan Side","2022-05-21T03:24:05.000","0","41.01","175"
"BQE N Atlantic Ave - MAN Bridge Manhattan Side","2022-05-21T03:24:05.000","0","13.67","693"
"GOW N 9TH STREET - ATLANTIC AVENUE","2022-05-21T03:29:03.000","-101","0.00","0"
"BQE S - GOW S ALTANTIC AVENUE - 9TH STREET","2022-05-21T03:29:03.000","-101","0.00","0"
"BQE N ATLANTIC AVENUE - LEONARD STREET","2022-05-21T03:29:03.000","-101","0.00","0"
"BQE S LEONARD STREET - ATLANTIC AVENUE","2022-05-21T03:29:03.000","0","41.01","372"
"BQE N Atlantic Ave - BKN Bridge Manhattan Side","2022-05-21T03:29:03.000","0","41.63","173"
"BQE N Atlantic Ave - MAN Bridge Manhattan Side","2022-05-21T03:29:03.000","0","16.77","566"
"GOW N 9TH STREET - ATLANTIC AVENUE","2022-05-21T03:34:03.000","-101","0.00","0"
"BQE S - GOW S ALTANTIC AVENUE - 9TH STREET","2022-05-21T03:34:03.000","-101","0.00","0"
"BQE N ATLANTIC AVENUE - LEONARD STREET","2022-05-21T03:34:03.000","-101","0.00","0"
"BQE S LEONARD STREET - ATLANTIC AVENUE","2022-05-21T03:34:03.000","0","50.95","301"
"BQE N Atlantic Ave - BKN Bridge Manhattan Side","2022-05-21T03:34:03.000","0","41.63","171"
"BQE N Atlantic Ave - MAN Bridge Manhattan Side","2022-05-21T03:34:03.000","0","31.68","300"
"GOW N 9TH STREET - ATLANTIC AVENUE","2022-05-21T03:39:04.000","-101","0.00","0"
"BQE S - GOW S ALTANTIC AVENUE - 9TH STREET","2022-05-21T03:39:04.000","-101","0.00","0"
"BQE N ATLANTIC AVENUE - LEONARD STREET","2022-05-21T03:39:04.000","-101","0.00","0"
"BQE S LEONARD STREET - ATLANTIC AVENUE","2022-05-21T03:39:04.000","0","43.49","354"
"BQE N Atlantic Ave - BKN Bridge Manhattan Side","2022-05-21T03:39:04.000","0","41.01","176"
"BQE N Atlantic Ave - MAN Bridge Manhattan Side","2022-05-21T03:39:04.000","0","37.28","256"
"GOW N 9TH STREET - ATLANTIC AVENUE","2022-05-21T03:44:04.000","-101","0.00","0"
"BQE S - GOW S ALTANTIC AVENUE - 9TH STREET","2022-05-21T03:44:04.000","-101","0.00","0"
"BQE N ATLANTIC AVENUE - LEONARD STREET","2022-05-21T03:44:04.000","-101","0.00","0"
"BQE S LEONARD STREET - ATLANTIC AVENUE","2022-05-21T03:44:04.000","0","41.63","368"
"BQE N Atlantic Ave - BKN Bridge Manhattan Side","2022-05-21T03:44:04.000","0","40.38","176"
"BQE N Atlantic Ave - MAN Bridge Manhattan Side","2022-05-21T03:44:04.000","0","41.01","234"
"GOW N 9TH STREET - ATLANTIC AVENUE","2022-05-21T03:49:03.000","-101","0.00","0"
"BQE S - GOW S ALTANTIC AVENUE - 9TH STREET","2022-05-21T03:49:03.000","-101","0.00","0"
"BQE N ATLANTIC AVENUE - LEONARD STREET","2022-05-21T03:49:03.000","-101","0.00","0"
"BQE S LEONARD STREET - ATLANTIC AVENUE","2022-05-21T03:49:03.000","0","44.11","346"
"BQE N Atlantic Ave - BKN Bridge Manhattan Side","2022-05-21T03:49:03.000","0","40.38","178"
"BQE N Atlantic Ave - MAN Bridge Manhattan Side","2022-05-21T03:49:03.000","-101","26.71","357"
"GOW N 9TH STREET - ATLANTIC AVENUE","2022-05-21T03:54:03.000","-101","0.00","0"
"BQE S - GOW S ALTANTIC AVENUE - 9TH STREET","2022-05-21T03:54:03.000","-101","0.00","0"
"BQE N ATLANTIC AVENUE - LEONARD STREET","2022-05-21T03:54:03.000","-101","0.00","0"
"BQE S LEONARD STREET - ATLANTIC AVENUE","2022-05-21T03:54:03.000","0","43.49","354"
"BQE N Atlantic Ave - BKN Bridge Manhattan Side","2022-05-21T03:54:03.000","0","41.01","176"
"BQE N Atlantic Ave - MAN Bridge Manhattan Side","2022-05-21T03:54:03.000","-101","24.23","390"
"GOW N 9TH STREET - ATLANTIC AVENUE","2022-05-21T03:59:04.000","-101","0.00","0"
"BQE S - GOW S ALTANTIC AVENUE - 9TH STREET","2022-05-21T03:59:04.000","-101","0.00","0"
"BQE N ATLANTIC AVENUE - LEONARD STREET","2022-05-21T03:59:04.000","-101","0.00","0"
"BQE S LEONARD STREET - ATLANTIC AVENUE","2022-05-21T03:59:04.000","0","39.76","383"
"BQE N Atlantic Ave - BKN Bridge Manhattan Side","2022-05-21T03:59:04.000","0","42.25","170"
"BQE N Atlantic Ave - MAN Bridge Manhattan Side","2022-05-21T03:59:04.000","0","22.99","417"
"GOW N 9TH STREET - ATLANTIC AVENUE","2022-05-21T04:04:04.000","-101","0.00","0"
"BQE S - GOW S ALTANTIC AVENUE - 9TH STREET","2022-05-21T04:04:04.000","-101","0.00","0"
"BQE N ATLANTIC AVENUE - LEONARD STREET","2022-05-21T04:04:04.000","-101","0.00","0"
"BQE S LEONARD STREET - ATLANTIC AVENUE","2022-05-21T04:04:04.000","0","44.73","345"
"BQE N Atlantic Ave - BKN Bridge Manhattan Side","2022-05-21T04:04:04.000","0","40.38","178"
"BQE N Atlantic Ave - MAN Bridge Manhattan Side","2022-05-21T04:04:04.000","0","26.09","364"
"GOW N 9TH STREET - ATLANTIC AVENUE","2022-05-21T04:09:03.000","-101","0.00","0"
"BQE S - GOW S ALTANTIC AVENUE - 9TH STREET","2022-05-21T04:09:03.000","-101","0.00","0"
"BQE N ATLANTIC AVENUE - LEONARD STREET","2022-05-21T04:09:03.000","-101","0.00","0"
"BQE S LEONARD STREET - ATLANTIC AVENUE","2022-05-21T04:09:03.000","0","44.73","341"
"BQE N Atlantic Ave - BKN Bridge Manhattan Side","2022-05-21T04:09:03.000","0","40.38","178"
"BQE N Atlantic Ave - MAN Bridge Manhattan Side","2022-05-21T04:09:03.000","0","35.41","272"
"GOW N 9TH STREET - ATLANTIC AVENUE","2022-05-21T04:14:04.000","-101","0.00","0"
"BQE S - GOW S ALTANTIC AVENUE - 9TH STREET","2022-05-21T04:14:04.000","-101","0.00","0"
"BQE N ATLANTIC AVENUE - LEONARD STREET","2022-05-21T04:14:04.000","-101","0.00","0"
"BQE S LEONARD STREET - ATLANTIC AVENUE","2022-05-21T04:14:04.000","0","41.01","376"
"BQE N Atlantic Ave - BKN Bridge Manhattan Side","2022-05-21T04:14:04.000","0","40.38","179"
"BQE N Atlantic Ave - MAN Bridge Manhattan Side","2022-05-21T04:14:04.000","0","34.17","282"
"GOW N 9TH STREET - ATLANTIC AVENUE","2022-05-21T04:19:03.000","-101","0.00","0"
"BQE S - GOW S ALTANTIC AVENUE - 9TH STREET","2022-05-21T04:19:03.000","-101","0.00","0"
"BQE N ATLANTIC AVENUE - LEONARD STREET","2022-05-21T04:19:03.000","-101","0.00","0"
"BQE S LEONARD STREET - ATLANTIC AVENUE","2022-05-21T04:19:03.000","0","43.49","352"
"BQE N Atlantic Ave - BKN Bridge Manhattan Side","2022-05-21T04:19:03.000","0","41.01","175"
"BQE N Atlantic Ave - MAN Bridge Manhattan Side","2022-05-21T04:19:03.000","-101","35.41","271"
"GOW N 9TH STREET - ATLANTIC AVENUE","2022-05-21T04:24:04.000","-101","0.00","0"
"BQE S - GOW S ALTANTIC AVENUE - 9TH STREET","2022-05-21T04:24:04.000","-101","0.00","0"
"BQE N ATLANTIC AVENUE - LEONARD STREET","2022-05-21T04:24:04.000","-101","0.00","0"
"BQE S LEONARD STREET - ATLANTIC AVENUE","2022-05-21T04:24:04.000","0","47.84","322"
"BQE N Atlantic Ave - BKN Bridge Manhattan Side","2022-05-21T04:24:04.000","0","42.25","169"
"BQE N Atlantic Ave - MAN Bridge Manhattan Side","2022-05-21T04:24:04.000","0","36.03","266"
"GOW N 9TH STREET - ATLANTIC AVENUE","2022-05-21T04:29:03.000","-101","0.00","0"
"BQE S - GOW S ALTANTIC AVENUE - 9TH STREET","2022-05-21T04:29:03.000","-101","0.00","0"
"BQE N ATLANTIC AVENUE - LEONARD STREET","2022-05-21T04:29:03.000","-101","0.00","0"
"BQE S LEONARD STREET - ATLANTIC AVENUE","2022-05-21T04:29:03.000","0","48.46","319"
"BQE N Atlantic Ave - BKN Bridge Manhattan Side","2022-05-21T04:29:03.000","0","42.25","171"
"BQE N Atlantic Ave - MAN Bridge Manhattan Side","2022-05-21T04:29:03.000","-101","13.67","691"
"GOW N 9TH STREET - ATLANTIC AVENUE","2022-05-21T04:34:04.000","-101","0.00","0"
"BQE S - GOW S ALTANTIC AVENUE - 9TH STREET","2022-05-21T04:34:04.000","-101","0.00","0"
"BQE N ATLANTIC AVENUE - LEONARD STREET","2022-05-21T04:34:04.000","-101","0.00","0"
"BQE S LEONARD STREET - ATLANTIC AVENUE","2022-05-21T04:34:04.000","0","41.63","371"
"BQE N Atlantic Ave - BKN Bridge Manhattan Side","2022-05-21T04:34:04.000","0","41.01","174"
"BQE N Atlantic Ave - MAN Bridge Manhattan Side","2022-05-21T04:34:04.000","-101","30.44","312"
"GOW N 9TH STREET - ATLANTIC AVENUE","2022-05-21T04:39:04.000","-101","0.00","0"
"BQE S - GOW S ALTANTIC AVENUE - 9TH STREET","2022-05-21T04:39:04.000","-101","0.00","0"
"BQE N ATLANTIC AVENUE - LEONARD STREET","2022-05-21T04:39:04.000","-101","0.00","0"
"BQE S LEONARD STREET - ATLANTIC AVENUE","2022-05-21T04:39:04.000","0","41.01","375"
"BQE N Atlantic Ave - BKN Bridge Manhattan Side","2022-05-21T04:39:04.000","0","40.38","177"
"BQE N Atlantic Ave - MAN Bridge Manhattan Side","2022-05-21T04:39:04.000","0","24.85","382"
"GOW N 9TH STREET - ATLANTIC AVENUE","2022-05-21T04:44:04.000","-101","0.00","0"
"BQE S - GOW S ALTANTIC AVENUE - 9TH STREET","2022-05-21T04:44:04.000","-101","0.00","0"
"BQE N ATLANTIC AVENUE - LEONARD STREET","2022-05-21T04:44:04.000","-101","0.00","0"
"BQE S LEONARD STREET - ATLANTIC AVENUE","2022-05-21T04:44:04.000","0","47.22","327"
"BQE N Atlantic Ave - BKN Bridge Manhattan Side","2022-05-21T04:44:04.000","0","40.38","177"
"BQE N Atlantic Ave - MAN Bridge Manhattan Side","2022-05-21T04:44:04.000","0","18.01","534"
"GOW N 9TH STREET - ATLANTIC AVENUE","2022-05-21T04:49:04.000","-101","0.00","0"
"BQE S - GOW S ALTANTIC AVENUE - 9TH STREET","2022-05-21T04:49:04.000","-101","0.00","0"
"BQE N ATLANTIC AVENUE - LEONARD STREET","2022-05-21T04:49:04.000","-101","0.00","0"
"BQE S LEONARD STREET - ATLANTIC AVENUE","2022-05-21T04:49:04.000","0","47.84","320"
"BQE N Atlantic Ave - BKN Bridge Manhattan Side","2022-05-21T04:49:04.000","0","40.38","178"
"BQE N Atlantic Ave - MAN Bridge Manhattan Side","2022-05-21T04:49:04.000","0","32.93","292"
"GOW N 9TH STREET - ATLANTIC AVENUE","2022-05-21T04:54:04.000","-101","0.00","0"
"BQE S - GOW S ALTANTIC AVENUE - 9TH STREET","2022-05-21T04:54:04.000","-101","0.00","0"
"BQE N ATLANTIC AVENUE - LEONARD STREET","2022-05-21T04:54:04.000","-101","0.00","0"
"BQE S LEONARD STREET - ATLANTIC AVENUE","2022-05-21T04:54:04.000","0","46.60","331"
"BQE N Atlantic Ave - BKN Bridge Manhattan Side","2022-05-21T04:54:04.000","0","41.01","176"
"BQE N Atlantic Ave - MAN Bridge Manhattan Side","2022-05-21T04:54:04.000","0","12.42","754"
"GOW N 9TH STREET - ATLANTIC AVENUE","2022-05-21T04:59:04.000","-101","0.00","0"
"BQE S - GOW S ALTANTIC AVENUE - 9TH STREET","2022-05-21T04:59:04.000","-101","0.00","0"
"BQE N ATLANTIC AVENUE - LEONARD STREET","2022-05-21T04:59:04.000","-101","0.00","0"
"BQE S LEONARD STREET - ATLANTIC AVENUE","2022-05-21T04:59:04.000","0","50.33","305"
"BQE N Atlantic Ave - BKN Bridge Manhattan Side","2022-05-21T04:59:04.000","0","41.01","175"
"BQE N Atlantic Ave - MAN Bridge Manhattan Side","2022-05-21T04:59:04.000","-101","10.56","899"
"GOW N 9TH STREET - ATLANTIC AVENUE","2022-05-21T05:04:04.000","-101","0.00","0"
"BQE S - GOW S ALTANTIC AVENUE - 9TH STREET","2022-05-21T05:04:04.000","-101","0.00","0"
"BQE N ATLANTIC AVENUE - LEONARD STREET","2022-05-21T05:04:04.000","-101","0.00","0"
"BQE S LEONARD STREET - ATLANTIC AVENUE","2022-05-21T05:04:04.000","0","49.08","315"
"BQE N Atlantic Ave - BKN Bridge Manhattan Side","2022-05-21T05:04:04.000","0","41.63","171"
"BQE N Atlantic Ave - MAN Bridge Manhattan Side","2022-05-21T05:04:04.000","-101","41.01","234"
"GOW N 9TH STREET - ATLANTIC AVENUE","2022-05-21T05:09:03.000","-101","0.00","0"
"BQE S - GOW S ALTANTIC AVENUE - 9TH STREET","2022-05-21T05:09:03.000","-101","0.00","0"
"BQE N ATLANTIC AVENUE - LEONARD STREET","2022-05-21T05:09:03.000","-101","0.00","0"
"BQE S LEONARD STREET - ATLANTIC AVENUE","2022-05-21T05:09:03.000","0","46.60","329"
"BQE N Atlantic Ave - BKN Bridge Manhattan Side","2022-05-21T05:09:03.000","0","41.63","173"
"BQE N Atlantic Ave - MAN Bridge Manhattan Side","2022-05-21T05:09:03.000","0","44.11","217"
"GOW N 9TH STREET - ATLANTIC AVENUE","2022-05-21T05:14:04.000","-101","0.00","0"
"BQE S - GOW S ALTANTIC AVENUE - 9TH STREET","2022-05-21T05:14:04.000","-101","0.00","0"
"BQE N ATLANTIC AVENUE - LEONARD STREET","2022-05-21T05:14:04.000","-101","0.00","0"
"BQE S LEONARD STREET - ATLANTIC AVENUE","2022-05-21T05:14:04.000","0","52.19","295"
"BQE N Atlantic Ave - BKN Bridge Manhattan Side","2022-05-21T05:14:04.000","0","41.01","175"
"BQE N Atlantic Ave - MAN Bridge Manhattan Side","2022-05-21T05:14:04.000","0","31.68","304"
"GOW N 9TH STREET - ATLANTIC AVENUE","2022-05-21T05:19:04.000","-101","0.00","0"
"BQE S - GOW S ALTANTIC AVENUE - 9TH STREET","2022-05-21T05:19:04.000","-101","0.00","0"
"BQE N ATLANTIC AVENUE - LEONARD STREET","2022-05-21T05:19:04.000","-101","0.00","0"
"BQE S LEONARD STREET - ATLANTIC AVENUE","2022-05-21T05:19:04.000","0","49.70","311"
"BQE N Atlantic Ave - BKN Bridge Manhattan Side","2022-05-21T05:19:04.000","0","40.38","177"
"BQE N Atlantic Ave - MAN Bridge Manhattan Side","2022-05-21T05:19:04.000","0","32.93","293"
"GOW N 9TH STREET - ATLANTIC AVENUE","2022-05-21T05:24:04.000","-101","0.00","0"
"BQE S - GOW S ALTANTIC AVENUE - 9TH STREET","2022-05-21T05:24:04.000","-101","0.00","0"
"BQE N ATLANTIC AVENUE - LEONARD STREET","2022-05-21T05:24:04.000","-101","0.00","0"
"BQE S LEONARD STREET - ATLANTIC AVENUE","2022-05-21T05:24:04.000","0","47.22","326"
"BQE N Atlantic Ave - BKN Bridge Manhattan Side","2022-05-21T05:24:04.000","0","39.14","182"
"BQE N Atlantic Ave - MAN Bridge Manhattan Side","2022-05-21T05:24:04.000","0","39.14","245"
"GOW N 9TH STREET - ATLANTIC AVENUE","2022-05-21T05:29:03.000","-101","0.00","0"
"BQE S - GOW S ALTANTIC AVENUE - 9TH STREET","2022-05-21T05:29:03.000","-101","0.00","0"
"BQE N ATLANTIC AVENUE - LEONARD STREET","2022-05-21T05:29:03.000","-101","0.00","0"
"BQE S LEONARD STREET - ATLANTIC AVENUE","2022-05-21T05:29:03.000","0","50.33","306"
"BQE N Atlantic Ave - BKN Bridge Manhattan Side","2022-05-21T05:29:03.000","0","38.52","185"
"BQE N Atlantic Ave - MAN Bridge Manhattan Side","2022-05-21T05:29:03.000","0","41.63","232"
"GOW N 9TH STREET - ATLANTIC AVENUE","2022-05-21T05:34:04.000","-101","0.00","0"
"BQE S - GOW S ALTANTIC AVENUE - 9TH STREET","2022-05-21T05:34:04.000","-101","0.00","0"
"BQE N ATLANTIC AVENUE - LEONARD STREET","2022-05-21T05:34:04.000","-101","0.00","0"
"BQE S LEONARD STREET - ATLANTIC AVENUE","2022-05-21T05:34:04.000","0","48.46","319"
"BQE N Atlantic Ave - BKN Bridge Manhattan Side","2022-05-21T05:34:04.000","0","39.14","182"
"BQE N Atlantic Ave - MAN Bridge Manhattan Side","2022-05-21T05:34:04.000","0","18.01","536"
"GOW N 9TH STREET - ATLANTIC AVENUE","2022-05-21T05:39:04.000","-101","0.00","0"
"BQE S - GOW S ALTANTIC AVENUE - 9TH STREET","2022-05-21T05:39:04.000","-101","0.00","0"
"BQE N ATLANTIC AVENUE - LEONARD STREET","2022-05-21T05:39:04.000","-101","0.00","0"
"BQE S LEONARD STREET - ATLANTIC AVENUE","2022-05-21T05:39:04.000","0","48.46","317"
"BQE N Atlantic Ave - BKN Bridge Manhattan Side","2022-05-21T05:39:04.000","0","40.38","178"
"BQE N Atlantic Ave - MAN Bridge Manhattan Side","2022-05-21T05:39:04.000","0","26.09","369"
"GOW N 9TH STREET - ATLANTIC AVENUE","2022-05-21T05:44:04.000","-101","0.00","0"
"BQE S - GOW S ALTANTIC AVENUE - 9TH STREET","2022-05-21T05:44:04.000","-101","0.00","0"
"BQE N ATLANTIC AVENUE - LEONARD STREET","2022-05-21T05:44:04.000","-101","0.00","0"
"BQE S LEONARD STREET - ATLANTIC AVENUE","2022-05-21T05:44:04.000","0","50.33","306"
"BQE N Atlantic Ave - BKN Bridge Manhattan Side","2022-05-21T05:44:04.000","0","39.76","180"
"BQE N Atlantic Ave - MAN Bridge Manhattan Side","2022-05-21T05:44:04.000","0","26.71","359"
"GOW N 9TH STREET - ATLANTIC AVENUE","2022-05-21T05:49:04.000","-101","0.00","0"
"BQE S - GOW S ALTANTIC AVENUE - 9TH STREET","2022-05-21T05:49:04.000","-101","0.00","0"
"BQE N ATLANTIC AVENUE - LEONARD STREET","2022-05-21T05:49:04.000","-101","0.00","0"
"BQE S LEONARD STREET - ATLANTIC AVENUE","2022-05-21T05:49:04.000","0","47.22","325"
"BQE N Atlantic Ave - BKN Bridge Manhattan Side","2022-05-21T05:49:04.000","0","39.14","184"
"BQE N Atlantic Ave - MAN Bridge Manhattan Side","2022-05-21T05:49:04.000","0","36.03","268"
"GOW N 9TH STREET - ATLANTIC AVENUE","2022-05-21T05:54:04.000","-101","0.00","0"
"BQE S - GOW S ALTANTIC AVENUE - 9TH STREET","2022-05-21T05:54:04.000","-101","0.00","0"
"BQE N ATLANTIC AVENUE - LEONARD STREET","2022-05-21T05:54:04.000","-101","0.00","0"
"BQE S LEONARD STREET - ATLANTIC AVENUE","2022-05-21T05:54:04.000","0","48.46","316"
"BQE N Atlantic Ave - BKN Bridge Manhattan Side","2022-05-21T05:54:04.000","0","40.38","176"
"BQE N Atlantic Ave - MAN Bridge Manhattan Side","2022-05-21T05:54:04.000","0","39.76","240"
"GOW N 9TH STREET - ATLANTIC AVENUE","2022-05-21T05:59:04.000","-101","0.00","0"
"BQE S - GOW S ALTANTIC AVENUE - 9TH STREET","2022-05-21T05:59:04.000","-101","0.00","0"
"BQE N ATLANTIC AVENUE - LEONARD STREET","2022-05-21T05:59:04.000","-101","0.00","0"
"BQE S LEONARD STREET - ATLANTIC AVENUE","2022-05-21T05:59:04.000","0","50.33","305"
"BQE N Atlantic Ave - BKN Bridge Manhattan Side","2022-05-21T05:59:04.000","0","41.01","176"
"BQE N Atlantic Ave - MAN Bridge Manhattan Side","2022-05-21T05:59:04.000","0","41.01","236"
"GOW N 9TH STREET - ATLANTIC AVENUE","2022-05-21T06:04:04.000","-101","0.00","0"
"BQE S - GOW S ALTANTIC AVENUE - 9TH STREET","2022-05-21T06:04:04.000","-101","0.00","0"
"BQE N ATLANTIC AVENUE - LEONARD STREET","2022-05-21T06:04:04.000","-101","0.00","0"
"BQE S LEONARD STREET - ATLANTIC AVENUE","2022-05-21T06:04:04.000","0","48.46","315"
"BQE N Atlantic Ave - BKN Bridge Manhattan Side","2022-05-21T06:04:04.000","0","40.38","177"
"BQE N Atlantic Ave - MAN Bridge Manhattan Side","2022-05-21T06:04:04.000","0","37.28","257"
"GOW N 9TH STREET - ATLANTIC AVENUE","2022-05-21T06:09:04.000","-101","0.00","0"
"BQE S - GOW S ALTANTIC AVENUE - 9TH STREET","2022-05-21T06:09:04.000","-101","0.00","0"
"BQE N ATLANTIC AVENUE - LEONARD STREET","2022-05-21T06:09:04.000","-101","0.00","0"
"BQE S LEONARD STREET - ATLANTIC AVENUE","2022-05-21T06:09:04.000","0","48.46","315"
"BQE N Atlantic Ave - BKN Bridge Manhattan Side","2022-05-21T06:09:04.000","0","41.01","174"
"BQE N Atlantic Ave - MAN Bridge Manhattan Side","2022-05-21T06:09:04.000","0","20.50","463"
"GOW N 9TH STREET - ATLANTIC AVENUE","2022-05-21T06:14:04.000","-101","0.00","0"
"BQE S - GOW S ALTANTIC AVENUE - 9TH STREET","2022-05-21T06:14:04.000","-101","0.00","0"
"BQE N ATLANTIC AVENUE - LEONARD STREET","2022-05-21T06:14:04.000","-101","0.00","0"
"BQE S LEONARD STREET - ATLANTIC AVENUE","2022-05-21T06:14:04.000","0","47.22","326"
"BQE N Atlantic Ave - BKN Bridge Manhattan Side","2022-05-21T06:14:04.000","0","40.38","178"
"BQE N Atlantic Ave - MAN Bridge Manhattan Side","2022-05-21T06:14:04.000","0","20.50","472"
"GOW N 9TH STREET - ATLANTIC AVENUE","2022-05-21T06:19:04.000","-101","0.00","0"
"BQE S - GOW S ALTANTIC AVENUE - 9TH STREET","2022-05-21T06:19:04.000","-101","0.00","0"
"BQE N ATLANTIC AVENUE - LEONARD STREET","2022-05-21T06:19:04.000","-101","0.00","0"
"BQE S LEONARD STREET - ATLANTIC AVENUE","2022-05-21T06:19:04.000","0","45.36","336"
"BQE N Atlantic Ave - BKN Bridge Manhattan Side","2022-05-21T06:19:04.000","0","37.28","192"
"BQE N Atlantic Ave - MAN Bridge Manhattan Side","2022-05-21T06:19:04.000","0","36.03","267"
"GOW N 9TH STREET - ATLANTIC AVENUE","2022-05-21T06:24:04.000","-101","0.00","0"
"BQE S - GOW S ALTANTIC AVENUE - 9TH STREET","2022-05-21T06:24:04.000","-101","0.00","0"
"BQE N ATLANTIC AVENUE - LEONARD STREET","2022-05-21T06:24:04.000","-101","0.00","0"
"BQE S LEONARD STREET - ATLANTIC AVENUE","2022-05-21T06:24:04.000","0","46.60","327"
"BQE N Atlantic Ave - BKN Bridge Manhattan Side","2022-05-21T06:24:04.000","0","31.68","224"
"BQE N Atlantic Ave - MAN Bridge Manhattan Side","2022-05-21T06:24:04.000","0","8.69","1069"
"GOW N 9TH STREET - ATLANTIC AVENUE","2022-05-21T06:29:04.000","-101","0.00","0"
"BQE S - GOW S ALTANTIC AVENUE - 9TH STREET","2022-05-21T06:29:04.000","-101","0.00","0"
"BQE N ATLANTIC AVENUE - LEONARD STREET","2022-05-21T06:29:04.000","-101","0.00","0"
"BQE S LEONARD STREET - ATLANTIC AVENUE","2022-05-21T06:29:04.000","0","45.98","333"
"BQE N Atlantic Ave - BKN Bridge Manhattan Side","2022-05-21T06:29:04.000","0","28.58","248"
"BQE N Atlantic Ave - MAN Bridge Manhattan Side","2022-05-21T06:29:04.000","0","8.69","1046"
"GOW N 9TH STREET - ATLANTIC AVENUE","2022-05-21T06:34:03.000","-101","0.00","0"
"BQE S - GOW S ALTANTIC AVENUE - 9TH STREET","2022-05-21T06:34:03.000","-101","0.00","0"
"BQE N ATLANTIC AVENUE - LEONARD STREET","2022-05-21T06:34:03.000","-101","0.00","0"
"BQE S LEONARD STREET - ATLANTIC AVENUE","2022-05-21T06:34:03.000","0","47.22","323"
"BQE N Atlantic Ave - BKN Bridge Manhattan Side","2022-05-21T06:34:03.000","0","26.09","271"
"BQE N Atlantic Ave - MAN Bridge Manhattan Side","2022-05-21T06:34:03.000","0","19.26","488"
"GOW N 9TH STREET - ATLANTIC AVENUE","2022-05-21T06:39:04.000","-101","0.00","0"
"BQE S - GOW S ALTANTIC AVENUE - 9TH STREET","2022-05-21T06:39:04.000","-101","0.00","0"
"BQE N ATLANTIC AVENUE - LEONARD STREET","2022-05-21T06:39:04.000","-101","0.00","0"
"BQE S LEONARD STREET - ATLANTIC AVENUE","2022-05-21T06:39:04.000","0","47.84","321"
"BQE N Atlantic Ave - BKN Bridge Manhattan Side","2022-05-21T06:39:04.000","0","21.74","326"
"BQE N Atlantic Ave - MAN Bridge Manhattan Side","2022-05-21T06:39:04.000","-101","24.23","393"
"GOW N 9TH STREET - ATLANTIC AVENUE","2022-05-21T06:44:03.000","-101","0.00","0"
"BQE S - GOW S ALTANTIC AVENUE - 9TH STREET","2022-05-21T06:44:03.000","-101","0.00","0"
"BQE N ATLANTIC AVENUE - LEONARD STREET","2022-05-21T06:44:03.000","-101","0.00","0"
"BQE S LEONARD STREET - ATLANTIC AVENUE","2022-05-21T06:44:03.000","0","47.84","320"
"BQE N Atlantic Ave - BKN Bridge Manhattan Side","2022-05-21T06:44:03.000","0","20.50","343"
"BQE N Atlantic Ave - MAN Bridge Manhattan Side","2022-05-21T06:44:03.000","0","23.61","408"
"GOW N 9TH STREET - ATLANTIC AVENUE","2022-05-21T06:49:04.000","-101","0.00","0"
"BQE S - GOW S ALTANTIC AVENUE - 9TH STREET","2022-05-21T06:49:04.000","-101","0.00","0"
"BQE N ATLANTIC AVENUE - LEONARD STREET","2022-05-21T06:49:04.000","-101","0.00","0"
"BQE S LEONARD STREET - ATLANTIC AVENUE","2022-05-21T06:49:04.000","0","49.70","310"
"BQE N Atlantic Ave - BKN Bridge Manhattan Side","2022-05-21T06:49:04.000","0","24.23","294"
"BQE N Atlantic Ave - MAN Bridge Manhattan Side","2022-05-21T06:49:04.000","0","15.53","610"
"GOW N 9TH STREET - ATLANTIC AVENUE","2022-05-21T06:54:04.000","-101","0.00","0"
"BQE S - GOW S ALTANTIC AVENUE - 9TH STREET","2022-05-21T06:54:04.000","-101","0.00","0"
"BQE N ATLANTIC AVENUE - LEONARD STREET","2022-05-21T06:54:04.000","-101","0.00","0"
"BQE S LEONARD STREET - ATLANTIC AVENUE","2022-05-21T06:54:04.000","0","46.60","329"
"BQE N Atlantic Ave - BKN Bridge Manhattan Side","2022-05-21T06:54:04.000","0","27.34","262"
"BQE N Atlantic Ave - MAN Bridge Manhattan Side","2022-05-21T06:54:04.000","0","18.01","529"
"GOW N 9TH STREET - ATLANTIC AVENUE","2022-05-21T06:59:04.000","-101","0.00","0"
"BQE S - GOW S ALTANTIC AVENUE - 9TH STREET","2022-05-21T06:59:04.000","-101","0.00","0"
"BQE N ATLANTIC AVENUE - LEONARD STREET","2022-05-21T06:59:04.000","-101","0.00","0"
"BQE S LEONARD STREET - ATLANTIC AVENUE","2022-05-21T06:59:04.000","0","44.73","341"
"BQE N Atlantic Ave - BKN Bridge Manhattan Side","2022-05-21T06:59:04.000","0","26.71","266"
"BQE N Atlantic Ave - MAN Bridge Manhattan Side","2022-05-21T06:59:04.000","0","24.85","382"
"GOW N 9TH STREET - ATLANTIC AVENUE","2022-05-21T07:04:04.000","-101","0.00","0"
"BQE S - GOW S ALTANTIC AVENUE - 9TH STREET","2022-05-21T07:04:04.000","-101","0.00","0"
"BQE N ATLANTIC AVENUE - LEONARD STREET","2022-05-21T07:04:04.000","-101","0.00","0"
"BQE S LEONARD STREET - ATLANTIC AVENUE","2022-05-21T07:04:04.000","0","42.25","361"
"BQE N Atlantic Ave - BKN Bridge Manhattan Side","2022-05-21T07:04:04.000","0","27.34","260"
"BQE N Atlantic Ave - MAN Bridge Manhattan Side","2022-05-21T07:04:04.000","0","26.71","355"
"GOW N 9TH STREET - ATLANTIC AVENUE","2022-05-21T07:09:03.000","-101","0.00","0"
"BQE S - GOW S ALTANTIC AVENUE - 9TH STREET","2022-05-21T07:09:03.000","-101","0.00","0"
"BQE N ATLANTIC AVENUE - LEONARD STREET","2022-05-21T07:09:03.000","-101","0.00","0"
"BQE S LEONARD STREET - ATLANTIC AVENUE","2022-05-21T07:09:03.000","0","41.01","372"
"BQE N Atlantic Ave - BKN Bridge Manhattan Side","2022-05-21T07:09:03.000","0","28.58","253"
"BQE N Atlantic Ave - MAN Bridge Manhattan Side","2022-05-21T07:09:03.000","0","31.06","310"
"GOW N 9TH STREET - ATLANTIC AVENUE","2022-05-21T07:14:04.000","-101","0.00","0"
"BQE S - GOW S ALTANTIC AVENUE - 9TH STREET","2022-05-21T07:14:04.000","-101","0.00","0"
"BQE N ATLANTIC AVENUE - LEONARD STREET","2022-05-21T07:14:04.000","-101","0.00","0"
"BQE S LEONARD STREET - ATLANTIC AVENUE","2022-05-21T07:14:04.000","0","41.01","375"
"BQE N Atlantic Ave - BKN Bridge Manhattan Side","2022-05-21T07:14:04.000","0","29.20","243"
"BQE N Atlantic Ave - MAN Bridge Manhattan Side","2022-05-21T07:14:04.000","0","33.55","283"
"GOW N 9TH STREET - ATLANTIC AVENUE","2022-05-21T07:19:03.000","-101","0.00","0"
"BQE S - GOW S ALTANTIC AVENUE - 9TH STREET","2022-05-21T07:19:03.000","-101","0.00","0"
"BQE N ATLANTIC AVENUE - LEONARD STREET","2022-05-21T07:19:03.000","-101","0.00","0"
"BQE S LEONARD STREET - ATLANTIC AVENUE","2022-05-21T07:19:03.000","0","48.46","319"
"BQE N Atlantic Ave - BKN Bridge Manhattan Side","2022-05-21T07:19:03.000","0","29.82","241"
"BQE N Atlantic Ave - MAN Bridge Manhattan Side","2022-05-21T07:19:03.000","0","24.23","391"
"GOW N 9TH STREET - ATLANTIC AVENUE","2022-05-21T07:24:03.000","-101","0.00","0"
"BQE S - GOW S ALTANTIC AVENUE - 9TH STREET","2022-05-21T07:24:03.000","-101","0.00","0"
"BQE N ATLANTIC AVENUE - LEONARD STREET","2022-05-21T07:24:03.000","-101","0.00","0"
"BQE S LEONARD STREET - ATLANTIC AVENUE","2022-05-21T07:24:03.000","0","43.49","355"
"BQE N Atlantic Ave - BKN Bridge Manhattan Side","2022-05-21T07:24:03.000","0","27.34","263"
"BQE N Atlantic Ave - MAN Bridge Manhattan Side","2022-05-21T07:24:03.000","0","24.23","391"
"GOW N 9TH STREET - ATLANTIC AVENUE","2022-05-21T07:29:04.000","-101","0.00","0"
"BQE S - GOW S ALTANTIC AVENUE - 9TH STREET","2022-05-21T07:29:04.000","-101","0.00","0"
"BQE N ATLANTIC AVENUE - LEONARD STREET","2022-05-21T07:29:04.000","-101","0.00","0"
"BQE S LEONARD STREET - ATLANTIC AVENUE","2022-05-21T07:29:04.000","0","42.87","360"
"BQE N Atlantic Ave - BKN Bridge Manhattan Side","2022-05-21T07:29:04.000","0","26.71","265"
"BQE N Atlantic Ave - MAN Bridge Manhattan Side","2022-05-21T07:29:04.000","0","28.58","332"
"GOW N 9TH STREET - ATLANTIC AVENUE","2022-05-21T07:34:03.000","-101","0.00","0"
"BQE S - GOW S ALTANTIC AVENUE - 9TH STREET","2022-05-21T07:34:03.000","-101","0.00","0"
"BQE N ATLANTIC AVENUE - LEONARD STREET","2022-05-21T07:34:03.000","-101","0.00","0"
"BQE S LEONARD STREET - ATLANTIC AVENUE","2022-05-21T07:34:03.000","0","39.14","393"
"BQE N Atlantic Ave - BKN Bridge Manhattan Side","2022-05-21T07:34:03.000","0","28.58","250"
"BQE N Atlantic Ave - MAN Bridge Manhattan Side","2022-05-21T07:34:03.000","0","31.06","306"
"GOW N 9TH STREET - ATLANTIC AVENUE","2022-05-21T07:39:03.000","-101","0.00","0"
"BQE S - GOW S ALTANTIC AVENUE - 9TH STREET","2022-05-21T07:39:03.000","-101","0.00","0"
"BQE N ATLANTIC AVENUE - LEONARD STREET","2022-05-21T07:39:03.000","-101","0.00","0"
"BQE S LEONARD STREET - ATLANTIC AVENUE","2022-05-21T07:39:03.000","0","33.55","455"
"BQE N Atlantic Ave - BKN Bridge Manhattan Side","2022-05-21T07:39:03.000","0","29.20","245"
"BQE N Atlantic Ave - MAN Bridge Manhattan Side","2022-05-21T07:39:03.000","0","28.58","336"
"GOW N 9TH STREET - ATLANTIC AVENUE","2022-05-21T07:44:04.000","-101","0.00","0"
"BQE S - GOW S ALTANTIC AVENUE - 9TH STREET","2022-05-21T07:44:04.000","-101","0.00","0"
"BQE N ATLANTIC AVENUE - LEONARD STREET","2022-05-21T07:44:04.000","-101","0.00","0"
"BQE S LEONARD STREET - ATLANTIC AVENUE","2022-05-21T07:44:04.000","0","30.44","506"
"BQE N Atlantic Ave - BKN Bridge Manhattan Side","2022-05-21T07:44:04.000","0","29.20","247"
"BQE N Atlantic Ave - MAN Bridge Manhattan Side","2022-05-21T07:44:04.000","0","28.58","335"
"GOW N 9TH STREET - ATLANTIC AVENUE","2022-05-21T07:49:03.000","-101","0.00","0"
"BQE S - GOW S ALTANTIC AVENUE - 9TH STREET","2022-05-21T07:49:03.000","-101","0.00","0"
"BQE N ATLANTIC AVENUE - LEONARD STREET","2022-05-21T07:49:03.000","-101","0.00","0"
"BQE S LEONARD STREET - ATLANTIC AVENUE","2022-05-21T07:49:03.000","0","28.58","534"
"BQE N Atlantic Ave - BKN Bridge Manhattan Side","2022-05-21T07:49:03.000","0","27.34","260"
"BQE N Atlantic Ave - MAN Bridge Manhattan Side","2022-05-21T07:49:03.000","0","28.58","336"
"GOW N 9TH STREET - ATLANTIC AVENUE","2022-05-21T07:54:04.000","-101","0.00","0"
"BQE S - GOW S ALTANTIC AVENUE - 9TH STREET","2022-05-21T07:54:04.000","-101","0.00","0"
"BQE N ATLANTIC AVENUE - LEONARD STREET","2022-05-21T07:54:04.000","-101","0.00","0"
"BQE S LEONARD STREET - ATLANTIC AVENUE","2022-05-21T07:54:04.000","0","27.34","558"
"BQE N Atlantic Ave - BKN Bridge Manhattan Side","2022-05-21T07:54:04.000","0","24.85","287"
"BQE N Atlantic Ave - MAN Bridge Manhattan Side","2022-05-21T07:54:04.000","0","26.09","364"
"GOW N 9TH STREET - ATLANTIC AVENUE","2022-05-21T07:59:03.000","-101","0.00","0"
"BQE S - GOW S ALTANTIC AVENUE - 9TH STREET","2022-05-21T07:59:03.000","-101","0.00","0"
"BQE N ATLANTIC AVENUE - LEONARD STREET","2022-05-21T07:59:03.000","-101","0.00","0"
"BQE S LEONARD STREET - ATLANTIC AVENUE","2022-05-21T07:59:03.000","0","26.71","578"
"BQE N Atlantic Ave - BKN Bridge Manhattan Side","2022-05-21T07:59:03.000","0","27.34","264"
"BQE N Atlantic Ave - MAN Bridge Manhattan Side","2022-05-21T07:59:03.000","0","28.58","332"
"GOW N 9TH STREET - ATLANTIC AVENUE","2022-05-21T08:04:03.000","-101","0.00","0"
"BQE S - GOW S ALTANTIC AVENUE - 9TH STREET","2022-05-21T08:04:03.000","-101","0.00","0"
"BQE N ATLANTIC AVENUE - LEONARD STREET","2022-05-21T08:04:03.000","-101","0.00","0"
"BQE S LEONARD STREET - ATLANTIC AVENUE","2022-05-21T08:04:03.000","0","26.09","582"
"BQE N Atlantic Ave - BKN Bridge Manhattan Side","2022-05-21T08:04:03.000","0","27.34","263"
"BQE N Atlantic Ave - MAN Bridge Manhattan Side","2022-05-21T08:04:03.000","0","27.96","340"
"GOW N 9TH STREET - ATLANTIC AVENUE","2022-05-21T08:09:03.000","-101","0.00","0"
"BQE S - GOW S ALTANTIC AVENUE - 9TH STREET","2022-05-21T08:09:03.000","-101","0.00","0"
"BQE N ATLANTIC AVENUE - LEONARD STREET","2022-05-21T08:09:03.000","-101","0.00","0"
"BQE S LEONARD STREET - ATLANTIC AVENUE","2022-05-21T08:09:03.000","0","26.71","569"
"BQE N Atlantic Ave - BKN Bridge Manhattan Side","2022-05-21T08:09:03.000","0","27.34","260"
"BQE N Atlantic Ave - MAN Bridge Manhattan Side","2022-05-21T08:09:03.000","0","27.34","352"
"GOW N 9TH STREET - ATLANTIC AVENUE","2022-05-21T08:14:03.000","-101","0.00","0"
"BQE S - GOW S ALTANTIC AVENUE - 9TH STREET","2022-05-21T08:14:03.000","-101","0.00","0"
"BQE N ATLANTIC AVENUE - LEONARD STREET","2022-05-21T08:14:03.000","-101","3.72","3477"
"BQE S LEONARD STREET - ATLANTIC AVENUE","2022-05-21T08:14:03.000","0","28.58","533"
"BQE N Atlantic Ave - BKN Bridge Manhattan Side","2022-05-21T08:14:03.000","0","19.26","374"
"BQE N Atlantic Ave - MAN Bridge Manhattan Side","2022-05-21T08:14:03.000","0","27.96","344"
"GOW N 9TH STREET - ATLANTIC AVENUE","2022-05-21T08:19:04.000","-101","0.00","0"
"BQE S - GOW S ALTANTIC AVENUE - 9TH STREET","2022-05-21T08:19:04.000","-101","0.00","0"
"BQE N ATLANTIC AVENUE - LEONARD STREET","2022-05-21T08:19:04.000","-101","3.72","3477"
"BQE S LEONARD STREET - ATLANTIC AVENUE","2022-05-21T08:19:04.000","0","31.06","489"
"BQE N Atlantic Ave - BKN Bridge Manhattan Side","2022-05-21T08:19:04.000","0","14.91","474"
"BQE N Atlantic Ave - MAN Bridge Manhattan Side","2022-05-21T08:19:04.000","0","26.71","355"
"GOW N 9TH STREET - ATLANTIC AVENUE","2022-05-21T08:24:03.000","-101","0.00","0"
"BQE S - GOW S ALTANTIC AVENUE - 9TH STREET","2022-05-21T08:24:03.000","-101","0.00","0"
"BQE N ATLANTIC AVENUE - LEONARD STREET","2022-05-21T08:24:03.000","-101","0.00","0"
"BQE S LEONARD STREET - ATLANTIC AVENUE","2022-05-21T08:24:03.000","0","29.82","509"
"BQE N Atlantic Ave - BKN Bridge Manhattan Side","2022-05-21T08:24:03.000","0","13.67","525"
"BQE N Atlantic Ave - MAN Bridge Manhattan Side","2022-05-21T08:24:03.000","0","24.85","389"
"GOW N 9TH STREET - ATLANTIC AVENUE","2022-05-21T08:29:04.000","-101","0.00","0"
"BQE S - GOW S ALTANTIC AVENUE - 9TH STREET","2022-05-21T08:29:04.000","-101","0.00","0"
"BQE N ATLANTIC AVENUE - LEONARD STREET","2022-05-21T08:29:04.000","-101","0.00","0"
"BQE S LEONARD STREET - ATLANTIC AVENUE","2022-05-21T08:29:04.000","0","29.82","511"
"BQE N Atlantic Ave - BKN Bridge Manhattan Side","2022-05-21T08:29:04.000","0","11.80","596"
"BQE N Atlantic Ave - MAN Bridge Manhattan Side","2022-05-21T08:29:04.000","0","24.23","393"
"GOW N 9TH STREET - ATLANTIC AVENUE","2022-05-21T08:34:03.000","-101","0.00","0"
"BQE S - GOW S ALTANTIC AVENUE - 9TH STREET","2022-05-21T08:34:03.000","-101","0.00","0"
"BQE N ATLANTIC AVENUE - LEONARD STREET","2022-05-21T08:34:03.000","-101","0.00","0"
"BQE S LEONARD STREET - ATLANTIC AVENUE","2022-05-21T08:34:03.000","0","27.96","549"
"BQE N Atlantic Ave - BKN Bridge Manhattan Side","2022-05-21T08:34:03.000","0","11.80","598"
"BQE N Atlantic Ave - MAN Bridge Manhattan Side","2022-05-21T08:34:03.000","0","22.99","414"
"GOW N 9TH STREET - ATLANTIC AVENUE","2022-05-21T08:39:03.000","-101","0.00","0"
"BQE S - GOW S ALTANTIC AVENUE - 9TH STREET","2022-05-21T08:39:03.000","-101","0.00","0"
"BQE N ATLANTIC AVENUE - LEONARD STREET","2022-05-21T08:39:03.000","-101","0.00","0"
"BQE S LEONARD STREET - ATLANTIC AVENUE","2022-05-21T08:39:03.000","0","26.71","566"
"BQE N Atlantic Ave - BKN Bridge Manhattan Side","2022-05-21T08:39:03.000","0","11.18","628"
"BQE N Atlantic Ave - MAN Bridge Manhattan Side","2022-05-21T08:39:03.000","0","22.99","418"
"GOW N 9TH STREET - ATLANTIC AVENUE","2022-05-21T08:44:03.000","-101","0.00","0"
"BQE S - GOW S ALTANTIC AVENUE - 9TH STREET","2022-05-21T08:44:03.000","-101","0.00","0"
"BQE N ATLANTIC AVENUE - LEONARD STREET","2022-05-21T08:44:03.000","-101","0.00","0"
"BQE S LEONARD STREET - ATLANTIC AVENUE","2022-05-21T08:44:03.000","0","25.47","593"
"BQE N Atlantic Ave - BKN Bridge Manhattan Side","2022-05-21T08:44:03.000","0","11.18","626"
"BQE N Atlantic Ave - MAN Bridge Manhattan Side","2022-05-21T08:44:03.000","0","22.99","419"
"GOW N 9TH STREET - ATLANTIC AVENUE","2022-05-21T08:49:04.000","-101","0.00","0"
"BQE S - GOW S ALTANTIC AVENUE - 9TH STREET","2022-05-21T08:49:04.000","-101","0.00","0"
"BQE N ATLANTIC AVENUE - LEONARD STREET","2022-05-21T08:49:04.000","-101","0.00","0"
"BQE S LEONARD STREET - ATLANTIC AVENUE","2022-05-21T08:49:04.000","0","24.85","611"
"BQE N Atlantic Ave - BKN Bridge Manhattan Side","2022-05-21T08:49:04.000","0","11.18","636"
"BQE N Atlantic Ave - MAN Bridge Manhattan Side","2022-05-21T08:49:04.000","0","22.99","418"
"GOW N 9TH STREET - ATLANTIC AVENUE","2022-05-21T08:54:03.000","-101","0.00","0"
"BQE S - GOW S ALTANTIC AVENUE - 9TH STREET","2022-05-21T08:54:03.000","-101","0.00","0"
"BQE N ATLANTIC AVENUE - LEONARD STREET","2022-05-21T08:54:03.000","-101","0.00","0"
"BQE S LEONARD STREET - ATLANTIC AVENUE","2022-05-21T08:54:03.000","0","24.85","611"
"BQE N Atlantic Ave - BKN Bridge Manhattan Side","2022-05-21T08:54:03.000","0","9.94","704"
"BQE N Atlantic Ave - MAN Bridge Manhattan Side","2022-05-21T08:54:03.000","0","21.74","441"
"GOW N 9TH STREET - ATLANTIC AVENUE","2022-05-21T08:59:04.000","-101","0.00","0"
"BQE S - GOW S ALTANTIC AVENUE - 9TH STREET","2022-05-21T08:59:04.000","-101","0.00","0"
"BQE N ATLANTIC AVENUE - LEONARD STREET","2022-05-21T08:59:04.000","-101","0.00","0"
"BQE S LEONARD STREET - ATLANTIC AVENUE","2022-05-21T08:59:04.000","0","24.23","636"
"BQE N Atlantic Ave - BKN Bridge Manhattan Side","2022-05-21T08:59:04.000","0","7.45","930"
"BQE N Atlantic Ave - MAN Bridge Manhattan Side","2022-05-21T08:59:04.000","0","16.15","581"
"GOW N 9TH STREET - ATLANTIC AVENUE","2022-05-21T09:04:04.000","-101","0.00","0"
"BQE S - GOW S ALTANTIC AVENUE - 9TH STREET","2022-05-21T09:04:04.000","-101","0.00","0"
"BQE N ATLANTIC AVENUE - LEONARD STREET","2022-05-21T09:04:04.000","-101","0.00","0"
"BQE S LEONARD STREET - ATLANTIC AVENUE","2022-05-21T09:04:04.000","0","22.99","660"
"BQE N Atlantic Ave - BKN Bridge Manhattan Side","2022-05-21T09:04:04.000","0","7.45","946"
"BQE N Atlantic Ave - MAN Bridge Manhattan Side","2022-05-21T09:04:04.000","0","14.29","654"
"GOW N 9TH STREET - ATLANTIC AVENUE","2022-05-21T09:09:04.000","-101","0.00","0"
"BQE S - GOW S ALTANTIC AVENUE - 9TH STREET","2022-05-21T09:09:04.000","-101","0.00","0"
"BQE N ATLANTIC AVENUE - LEONARD STREET","2022-05-21T09:09:04.000","-101","0.00","0"
"BQE S LEONARD STREET - ATLANTIC AVENUE","2022-05-21T09:09:04.000","0","24.23","635"
"BQE N Atlantic Ave - BKN Bridge Manhattan Side","2022-05-21T09:09:04.000","0","11.18","630"
"BQE N Atlantic Ave - MAN Bridge Manhattan Side","2022-05-21T09:09:04.000","0","14.29","654"
"BQE N ATLANTIC AVENUE - LEONARD STREET","2022-05-21T09:14:04.000","-101","0.00","0"
"GOW N 9TH STREET - ATLANTIC AVENUE","2022-05-21T09:14:04.000","-101","0.00","0"
"BQE S - GOW S ALTANTIC AVENUE - 9TH STREET","2022-05-21T09:14:04.000","-101","0.00","0"
"BQE S LEONARD STREET - ATLANTIC AVENUE","2022-05-21T09:14:04.000","0","23.61","646"
"BQE N Atlantic Ave - BKN Bridge Manhattan Side","2022-05-21T09:14:04.000","0","14.29","493"
"BQE N Atlantic Ave - MAN Bridge Manhattan Side","2022-05-21T09:14:04.000","0","17.39","538"
"GOW N 9TH STREET - ATLANTIC AVENUE","2022-05-21T09:19:04.000","-101","0.00","0"
"BQE S - GOW S ALTANTIC AVENUE - 9TH STREET","2022-05-21T09:19:04.000","-101","0.00","0"
"BQE N ATLANTIC AVENUE - LEONARD STREET","2022-05-21T09:19:04.000","-101","0.00","0"
"BQE S LEONARD STREET - ATLANTIC AVENUE","2022-05-21T09:19:04.000","0","22.36","687"
"BQE N Atlantic Ave - BKN Bridge Manhattan Side","2022-05-21T09:19:04.000","0","22.99","314"
"BQE N Atlantic Ave - MAN Bridge Manhattan Side","2022-05-21T09:19:04.000","0","24.85","389"
"GOW N 9TH STREET - ATLANTIC AVENUE","2022-05-21T09:24:03.000","-101","0.00","0"
"BQE S - GOW S ALTANTIC AVENUE - 9TH STREET","2022-05-21T09:24:03.000","-101","0.00","0"
"BQE N ATLANTIC AVENUE - LEONARD STREET","2022-05-21T09:24:03.000","-101","0.00","0"
"BQE S LEONARD STREET - ATLANTIC AVENUE","2022-05-21T09:24:03.000","0","21.74","699"
"BQE N Atlantic Ave - BKN Bridge Manhattan Side","2022-05-21T09:24:03.000","0","23.61","303"
"BQE N Atlantic Ave - MAN Bridge Manhattan Side","2022-05-21T09:24:03.000","0","27.34","347"
"GOW N 9TH STREET - ATLANTIC AVENUE","2022-05-21T09:29:03.000","-101","0.00","0"
"BQE S - GOW S ALTANTIC AVENUE - 9TH STREET","2022-05-21T09:29:03.000","-101","0.00","0"
"BQE N ATLANTIC AVENUE - LEONARD STREET","2022-05-21T09:29:03.000","-101","0.00","0"
"BQE S LEONARD STREET - ATLANTIC AVENUE","2022-05-21T09:29:03.000","0","21.12","715"
"BQE N Atlantic Ave - BKN Bridge Manhattan Side","2022-05-21T09:29:03.000","0","21.74","329"
"BQE N Atlantic Ave - MAN Bridge Manhattan Side","2022-05-21T09:29:03.000","0","26.71","360"
"GOW N 9TH STREET - ATLANTIC AVENUE","2022-05-21T09:34:03.000","-101","0.00","0"
"BQE S - GOW S ALTANTIC AVENUE - 9TH STREET","2022-05-21T09:34:03.000","-101","0.00","0"
"BQE N ATLANTIC AVENUE - LEONARD STREET","2022-05-21T09:34:03.000","-101","0.00","0"
"BQE S LEONARD STREET - ATLANTIC AVENUE","2022-05-21T09:34:03.000","0","19.88","755"
"BQE N Atlantic Ave - BKN Bridge Manhattan Side","2022-05-21T09:34:03.000","0","21.74","327"
"BQE N Atlantic Ave - MAN Bridge Manhattan Side","2022-05-21T09:34:03.000","0","24.85","386"
"GOW N 9TH STREET - ATLANTIC AVENUE","2022-05-21T09:39:03.000","-101","0.00","0"
"BQE S - GOW S ALTANTIC AVENUE - 9TH STREET","2022-05-21T09:39:03.000","-101","0.00","0"
"BQE N ATLANTIC AVENUE - LEONARD STREET","2022-05-21T09:39:03.000","-101","0.00","0"
"BQE S LEONARD STREET - ATLANTIC AVENUE","2022-05-21T09:39:03.000","0","18.64","816"
"BQE N Atlantic Ave - BKN Bridge Manhattan Side","2022-05-21T09:39:03.000","0","22.36","319"
"BQE N Atlantic Ave - MAN Bridge Manhattan Side","2022-05-21T09:39:03.000","0","25.47","377"
"GOW N 9TH STREET - ATLANTIC AVENUE","2022-05-21T09:44:04.000","-101","0.00","0"
"BQE S - GOW S ALTANTIC AVENUE - 9TH STREET","2022-05-21T09:44:04.000","-101","0.00","0"
"BQE N ATLANTIC AVENUE - LEONARD STREET","2022-05-21T09:44:04.000","-101","0.00","0"
"BQE S LEONARD STREET - ATLANTIC AVENUE","2022-05-21T09:44:04.000","0","16.77","906"
"BQE N Atlantic Ave - BKN Bridge Manhattan Side","2022-05-21T09:44:04.000","0","19.88","362"
"BQE N Atlantic Ave - MAN Bridge Manhattan Side","2022-05-21T09:44:04.000","0","27.34","351"
"GOW N 9TH STREET - ATLANTIC AVENUE","2022-05-21T09:49:04.000","-101","0.00","0"
"BQE S - GOW S ALTANTIC AVENUE - 9TH STREET","2022-05-21T09:49:04.000","-101","0.00","0"
"BQE N ATLANTIC AVENUE - LEONARD STREET","2022-05-21T09:49:04.000","-101","0.00","0"
"BQE S LEONARD STREET - ATLANTIC AVENUE","2022-05-21T09:49:04.000","0","14.91","1030"
"BQE N Atlantic Ave - BKN Bridge Manhattan Side","2022-05-21T09:49:04.000","0","16.77","416"
"BQE N Atlantic Ave - MAN Bridge Manhattan Side","2022-05-21T09:49:04.000","0","27.96","341"
"GOW N 9TH STREET - ATLANTIC AVENUE","2022-05-21T09:51:03.000","-101","0.00","0"
"BQE S - GOW S ALTANTIC AVENUE - 9TH STREET","2022-05-21T09:51:03.000","-101","0.00","0"
"BQE N ATLANTIC AVENUE - LEONARD STREET","2022-05-21T09:51:03.000","-101","0.00","0"
"BQE S LEONARD STREET - ATLANTIC AVENUE","2022-05-21T09:51:03.000","0","14.29","1077"
"BQE N Atlantic Ave - BKN Bridge Manhattan Side","2022-05-21T09:51:03.000","0","16.77","421"
"BQE N Atlantic Ave - MAN Bridge Manhattan Side","2022-05-21T09:51:03.000","0","25.47","375"
"GOW N 9TH STREET - ATLANTIC AVENUE","2022-05-21T09:58:03.000","-101","0.00","0"
"BQE S - GOW S ALTANTIC AVENUE - 9TH STREET","2022-05-21T09:58:03.000","-101","0.00","0"
"BQE N ATLANTIC AVENUE - LEONARD STREET","2022-05-21T09:58:03.000","-101","0.00","0"
"BQE S LEONARD STREET - ATLANTIC AVENUE","2022-05-21T09:58:03.000","0","12.42","1214"
"BQE N Atlantic Ave - BKN Bridge Manhattan Side","2022-05-21T09:58:03.000","0","16.77","422"
"BQE N Atlantic Ave - MAN Bridge Manhattan Side","2022-05-21T09:58:03.000","0","16.77","577"
